time,type_of_advice_or_caution,type_of_advice_or_caution:confidence,what,when,where,category,text_no_rt,tweet,type,type_of_advice_or_caution_gold,user
10/26/2012 14:27,A hurricane warning has been issued or has been lifted,1,"Hurricane Sandy expected to make landfall
Sandy expected to make landfall
Hurricane Sandy","by early evening
by early evening
early evening",NJ,Informative (Indirect),Hurricane Sandy expected to make landfall along or just south of southern NJ coast by early evening - @NHC_Atlantic http://t.co/S4Otj1kk,Hurricane Sandy expected to make landfall along or just south of southern NJ coast by early evening - @NHC_Atlantic http://t.co/S4Otj1kk,Caution and advice,,breakingstorm
10/26/2012 14:47,Other,0.6485,"Hurricane Sandy coming ashore
Starbucks closes all locations
Panic  Starbucks closes","N/A
n/a
n/A","NYC
NYC
Starbucks",Informative (Direct),Panic rules in NYC as Starbucks closes all locations with Hurricane Sandy coming ashore,Panic rules in NYC as Starbucks closes all locations with Hurricane Sandy coming ashore,Caution and advice,,timmyodea
10/26/2012 19:14,A hurricane warning has been issued or has been lifted,0.7122,"Sandy is coming
Sandy is coming and it is full of anger!
Sandy is coming","N/A
N/A
n/a","NYC
NYC
NYC",Informative (Indirect),#Sandy is coming and it is full of anger! #Storm #NYC http://t.co/N5ruP5z8,#Sandy is coming and it is full of anger! #Storm #NYC http://t.co/N5ruP5z8,Caution and advice,,satantoine
10/26/2012 20:18,A hurricane sighting has been reported,0.7003,"interviewed a storm chaser
next 72 hours in NYC especially will be chaos
worst storm in 100 years","next 72 hours
next 72 hours
next 72 hours","NYC
NYC
NYC",Informative (Direct),Just interviewed a storm chaser who says this is the worst storm in 100 years. Says the next 72 hours in NYC especially will be chaos #Sandy,Just interviewed a storm chaser who says this is the worst storm in 100 years. Says the next 72 hours in NYC especially will be chaos #Sandy,Caution and advice,,MattJohnstonTV
10/26/2012 20:40,Other,1,"financial markets closed
Storm will keep financial markets closed Tuesday
Storm will keep financial markets closed","Tuesday
Tuesday
Tuesday",NYC,Informative (Indirect),Storm will keep financial markets closed Tuesday: NEW YORKÃƒÆ’Ã†â€™Ãƒâ€šÃ‚Â¤ÃƒÆ’Ã†â€™Ãƒâ€šÃ‚Â³ÃƒÆ’Ã†â€™Ãƒâ€šÃ‚Â®Major U.S. stock and bond markets will be closed beca... http://t.co/AniU2e8q,Storm will keep financial markets closed Tuesday: NEW YORK. Major U.S. stock and bond markets will be closed beca... http://t.co/AniU2e8q,Caution and advice,,fanlacrosse
10/26/2012 20:57,Other,1,"Driving in this is no joke
Driving in this is no joke this
Driving in this is no joke","N/A
N/A
n/a",NYC,Informative (Direct),Driving in this is no joke this _ÃƒÆ’Ã†â€™Ãƒâ€šÃ‚Â´ÃƒÆ’Ã¢â‚¬Å¡Ãƒâ€šÃ‚Â»ÃƒÆ’Ã¢â‚¬Å¡ÃƒÂ¢Ã¢â€šÂ¬Ã‚Â  #Sandy,Driving in this is no joke  #Sandy,Caution and advice,,mocha_93
10/27/2012 6:08,Other,0.9531,"stock market closing
stock market closing for bad weather
stock market closing
stock market closing
stock market closing
stock market closing for bad weather
stock market closing
stock market closing
stock market closing
stock market closing
stock market closing
stock market closing
stock market closing
stock market closing
stock market closing
stock market closing for bad weather
stock market closing for bad weather
bad weather #sandy
closing
stock market closing
stock market closing for bad weather
First time since 1888 stock market closing for bad weather
stock market closing for bad weather
First time since 1888 stock market closing for bad weather
stock market closing for bad weather
stock market closing
stock market closing
stock market closing
stock market closing for bad weather
stock market closing
First time since 1888 stock market closing for bad weather","n/a

na
N/A
N/A

1988


N/A

N/A
since 1888
since 1888
n/a
First time since 1888
First time since 1888
N/a
na
n/a

N/A
N/A
N/A
N/A

N/A
N/A
First time since 1888
since 1888
N/A",NYC,Informative (Direct or Indirect),First time since 1888 stock market closing for bad weather #Sandy,First time since 1888 stock market closing for bad weather #Sandy,Caution and advice,Other,feverplay_xo
10/27/2012 6:08,A shelter is open or available,0.925,"search for open shelters
search for open shelters
search for open shelters
search for open shelters
search for open shelters by texting
East coast search for open shelters
search for open shelters by texting
East coast search for open shelters by texting
open shelters
search for open shelters
search for open shelters by texting: SHELTER + a zip code to 43362 (4FEMA)
search for open shelters
search for open shelters
search for open shelters by texting
search for open shelters
search for open shelters
search for open shelters
Search for open shelters by texting
search for open shelters by texting: SHELTER + a zip code to 43362 (4FEMA).
search for open shelters
search for open shelters
open shelters
search for open shelters
search for open shelters
search for open shelters
search for open shelters by texting
East coast search for open shelters
open shelters
search for open shelters
search for open shelters","

n/a
n/a
N/A
N/A





N/A




n/a
Na
N/A
N/A
N/A

N/A
N/A
n/a
n/a


N/A
N/A",NYC,Informative (Direct),#Sandy East coast search for open shelters by texting: SHELTER + a zip code to 43362 (4FEMA). Ex: Shelter 01234 (std rates apply),RT @fema: #Sandy East coast search for open shelters by texting: SHELTER + a zip code to 43362 (4FEMA). Ex: Shelter 01234 (std rates apply),Caution and advice,A shelter is open or available,cubedreamer
10/27/2012 14:27,Other,1,"All Broadway performances in NYC Monday 10/29 and Tuesday 10/30 have been cancelled
All Broadway performances in NYC Monday 10/29 and Tuesday 10/30 have been cancelled
Broadway performances have been cancelled","Monday 10/29 and Tuesday 10/30
Monday 10/29 and Tuesday 10/30
Monday 10/29 and Tuesday 10/30","NYC
NYC
NYC",Informative (Indirect),UPDATE: All Broadway performances in NYC Monday 10/29 and Tuesday 10/30 have been cancelled. #Sandy More info: http://t.co/lYJ7xUrB,RT @TheBwayLeague: UPDATE: All Broadway performances in NYC Monday 10/29 and Tuesday 10/30 have been cancelled. #Sandy More info: http://t.co/lYJ7xUrB,Caution and advice,,fdilella
10/27/2012 14:27,Other,1,"significant chance of flooding
significant chance of flooding
chance of flooding","N/A
n/a
n/A",NYC,Informative (Indirect),"ConEd CEO on #Sandy: ""There is a significant chance of flooding throughout NYC""","RT @WSJweather: ConEd CEO on #Sandy: ""There is a significant chance of flooding throughout NYC""",Caution and advice,,KCMichelle
10/27/2012 14:30,Other,1,"will be closed
New Dramatists will be closed
New Dramatists will be closed","Tuesday Oct. 30
Tuesday Oct. 30
Tuesday Oct. 30",NYC,Informative (Direct),New Dramatists will be closed on Tuesday Oct. 30 due to Hurricane Sandy. Hang in there.,New Dramatists will be closed on Tuesday Oct. 30 due to Hurricane Sandy. Hang in there.,Caution and advice,,NewDramatists
10/27/2012 14:30,Other,1,"Public transit closed
Public transit in NYC will be closed
Public transit will be closed","tomorrow morning
tomorrow morning and remain closed throughout the day
tomorrow morning","NYC
NYC
NYC",Informative (Indirect),Public transit in NYC will be closed tomorrow morning and remain closed throughout the day. http://t.co/WWmlZvHe #Sandy,RT @AntDeRosa: Public transit in NYC will be closed tomorrow morning and remain closed throughout the day. http://t.co/WWmlZvHe #Sandy,Caution and advice,,Stevie_Bo
10/27/2012 14:34,Other,1,"restos playing it by ear during #Sandy
restos playing it by ear during #Sandy
list of what's open","during #Sandy
playing it by ear
n/A","NYC
NYC
NYC",Informative (Indirect),MT @ZagatNYC: NYC restos playing it by ear during #Sandy. Props to @EaterNY on their list of what's open http://t.co/tAbiGqSo @kale1919,MT @ZagatNYC: NYC restos playing it by ear during #Sandy. Props to @EaterNY on their list of what's open ÃƒÆ’Ã†â€™Ãƒâ€šÃ‚Â¤ÃƒÆ’Ã†â€™Ãƒâ€šÃ‚Â³ÃƒÆ’Ã†â€™Ãƒâ€šÃ‚Â® http://t.co/tAbiGqSo @kale1919,Caution and advice,,PaulBell55
10/27/2012 14:37,Other,1,"Mayor is updating New Yorkers
Mayor is updating New Yorkers on #Sandy
updating New Yorkers","LIVE NOW
LIVE NOW
NOW",NYC,Informative (Indirect),LIVE NOW: the Mayor is updating New Yorkers on #Sandy: http://t.co/1y3SaPsl,RT @NYCMayorsOffice: LIVE NOW: the Mayor is updating New Yorkers on #Sandy: http://t.co/1y3SaPsl,Caution and advice,,CarolHelf
10/27/2012 14:40,Other,1,"Alternate side parking and meter regulations are suspended citywide
parking and meter regulations are suspended
are suspended","tomorrow
tomorrow
tomorrow",NYC,Informative (Indirect),Alternate side parking and meter regulations are suspended citywide tomorrow. #Sandy,RT @NYCMayorsOffice: Alternate side parking and meter regulations are suspended citywide tomorrow. #Sandy,Caution and advice,,lauritacruz47
10/27/2012 14:47,Other,1,"All pets are accepted on the subway taxi and trains
pets are accepted on the subway taxi and trains
All pets are accepted during evacuation","during evacuation
during evacuation
n/A","NYC
NYC
subway taxi",Informative (Indirect),AWWWW RT @ASPCA: NYC ALERT: All pets are accepted on the subway taxi and trains during evacuation. #Sandy #SandyPets,AWWWW RT @ASPCA: NYC ALERT: All pets are accepted on the subway taxi and trains during evacuation. #Sandy #SandyPets,Caution and advice,,camai_
10/27/2012 17:17,Other,1,NYC closing bridges and tunnels,at 7pm,"Brooklyn, Manhattan",Informative (Direct or Indirect),NYC closing bridges and tunnels at 7pm #Sandy,NYC closing bridges and tunnels at 7pm #Sandy,Caution and advice,Other,MikeBeam
10/27/2012 17:24,A hurricane sighting has been reported,1,Hurricane Sandy,n/a,NYC,Informative (Direct or Indirect),Hurricane Sandy or else Frankestorm heading toward NYC http://t.co/OPLYDC2D,RT @KateNinaA: Hurricane Sandy or else Frankestorm heading toward NYC http://t.co/OPLYDC2D,Caution and advice,"A hurricane sighting has been reported
Other",LuciiAgudo
10/27/2012 17:24,Other,1,Find open pharmacies,n/a,NYC,Informative (Direct or Indirect),Find open pharmacies after #Frankenstorm #Sandy in the NYC area @RxResponse @WPIX #PSRT #MedsInDisaster,Find open pharmacies after #Frankenstorm #Sandy in the NYC area @RxResponse @WPIX #PSRT #MedsInDisaster,Caution and advice,Other,RxResponse
10/27/2012 17:31,Other,1,Hurricane Sandy is going to fill the subways with water,n/a,NYC,Informative (Direct or Indirect),Hurricane Sandy is going to fill the subways with water. There will literally be giant underground rivers running beneath NYC. #HolyShit,RT @JessieWessie33: Hurricane Sandy is going to fill the subways with water. There will literally be giant underground rivers running beneath NYC. #HolyShit,Caution and advice,Other,britthanus
10/27/2012 19:00,A hurricane sighting has been reported,1,"Wind gusts over 60 mph
Wind gusts over 60 mph are being reported at Central Park and JFK airport
Wind gusts over 60 mph","this hour
this hour
this hour",NYC,Informative (Indirect),Wind gusts over 60 mph are being reported at Central Park and JFK airport in #NYC this hour - TWC #Sandy -- @70torinoman (@caribnews),Wind gusts over 60 mph are being reported at Central Park and JFK airport in #NYC this hour - TWC #Sandy -- @70torinoman (@caribnews),Caution and advice,,adri16
10/27/2012 19:00,Other,1,"offering an update on the city's response to #Sandy
Mayor Bloomberg is offering an update
Mayor Bloomberg is offering an update","N/A
N/A
n/a","NYC
NYC
NYC",Informative (Indirect),NYC Mayor Bloomberg is offering an update on the city's response to #Sandy. You can tune in here: http://t.co/QWZpbEhv,NYC Mayor Bloomberg is offering an update on the city's response to #Sandy. You can tune in here: http://t.co/QWZpbEhv,Caution and advice,,MarketWatch
10/27/2012 19:00,A hurricane warning has been issued or has been lifted,0.6523,"Any time over the next hour It should be here #sandy
Any time over the next hour It should be here
It should be here","Any time over the next hour
Any time over the next hour
over the next hour","NYC
NYC
NYC",Informative (Indirect),Any time over the next hour It should be here #sandy #NYC,Any time over the next hour It should be here #sandy #NYC,Caution and advice,,Sorcha_Ellie
10/27/2012 19:00,Other,1,"City employees should work
City employees should come to work provided they can do so safely
employees should come to work","
N/A
n/a",NYC,Informative (Indirect),NYC Mayor Bloomberg: City employees should come to work provided they can do so safely. #Sandy,RT @TheMatthewKeys: NYC Mayor Bloomberg: City employees should come to work provided they can do so safely. #Sandy,Caution and advice,,SupermanHotMale
10/27/2012 19:14,Other,1,"ConEd may shut down power
ConEd may shut down power in southern Brooklyn and lower Manhattan
may shut down power","N/A
N/A
n/a",NYC,Informative (Indirect),RT @thematthewkeys: NYC Mayor Bloomberg: ConEd may shut down power in southern Brooklyn and lower Manhattan. #Sandy,RT @breakingweather: RT @thematthewkeys: NYC Mayor Bloomberg: ConEd may shut down power in southern Brooklyn and lower Manhattan. #Sandy,Caution and advice,,StephTweet
10/27/2012 20:10,Other,1,"record-breaking storm
Sandy shaping up as record-breaking storm
Sandy shaping up as record-breaking storm","N/A
N/A
n/a",NYC,Informative (Indirect),Hurricane #Sandy shaping up as record-breaking storm. http://t.co/SrOGBdL4,RT @cnnbrk: Hurricane #Sandy shaping up as record-breaking storm. http://t.co/SrOGBdL4,Caution and advice,,DanTRusu
10/27/2012 20:28,Other,1,"Broadway performances in NYC Monday 10/29 and Tuesday 10/30 have been cancelled
All Broadway performances in NYC Monday 10/29 and Tuesday 10/30 have been cancelled
All Broadway performances in NYC Monday 10/29 and Tuesday 10/30 have been cancelled","Monday 10/29 and Tuesday 10/30
Monday 10/29 and Tuesday 10/30
Monday 10/29 and Tuesday 10/30","NYC
NYC
NYC",Informative (Indirect),UPDATE: All Broadway performances in NYC Monday 10/29 and Tuesday 10/30 have been cancelled. #Sandy More info: http://t.co/lYJ7xUrB,RT @TheBwayLeague: UPDATE: All Broadway performances in NYC Monday 10/29 and Tuesday 10/30 have been cancelled. #Sandy More info: http://t.co/lYJ7xUrB,Caution and advice,,Shirlz1123
10/27/2012 20:34,Other,1,"UNHQ in NYC will be also be closed
UNHQ in NYC will be also be closed on Tuesday
UNHQ in NYC will be also be closed","Tuesday
Tuesday
Tuesday","NYC
NYC
UNHQ in NYC",Informative (Indirect),RT @UN: UNHQ in NYC will be also be closed on Tuesday due to Hurricane #Sandy. More info here: http://t.co/0p90eZIa,RT @UN: UNHQ in NYC will be also be closed on Tuesday due to Hurricane #Sandy. More info here: http://t.co/0p90eZIa,Caution and advice,,sncyf
10/27/2012 20:57,A hurricane sighting has been reported,0.7358,"wind's really picking up
wind
wind's really picking up","N/A
n/a
n/a",NYC,Informative (Direct),The wind's really picking up out there ... #sandy #nyc http://t.co/OJaeiNB9,RT @CitizenWilliams: The wind's really picking up out there ... #sandy #nyc http://t.co/OJaeiNB9,Caution and advice,,philcloh2o
10/27/2012 21:09,A shelter is open or available,0.6537,"need of shelter
If in immediate need of shelter
If in immediate need of shelter","
N/A
n/a",NYC,Informative (Indirect),If in immediate need of shelter please visit http://t.co/Pgxt83by to locate your nearest options. #shelter #Sandy,RT @RedCross: If in immediate need of shelter please visit http://t.co/Pgxt83by to locate your nearest options. #shelter #Sandy,Caution and advice,,jmgreenwell
10/28/2012 6:05,A hurricane sighting has been reported,0.7427,"NYC is now impacted by hurricane
impacted
hurricane #Sandy
impacted by hurricane
hurricane #Sandy
hurricane
impacted by hurricane
impacted by hurricane
NYC is now impacted by hurricane
NYC is now impacted by hurricane
NYC is now impacted by hurricane
NYC is now impacted by hurricane
NYC is now impacted by hurricane
NYC is now impacted by hurricane
NYC is now impacted
hurricane
hurricane #Sandy
NYC is now impacted by hurricane
impacted by hurricane
impacted by hurricane
hurricane
NYC is now impacted by hurricane
NYC is now impacted by hurricane
hurricane
hurricane
NYC is now impacted by hurricane
NYC is now impacted by hurricane
NYC is now impacted by hurricane
NYC is now impacted by hurricane
hurricane #Sandy
impacted by hurricane
Omg NYC is now impacted by hurricane
impacted by hurricane
NYC is now impacted by hurricane","now
now

now
n/a
n/a
N/A
now

now
now
now
now
now

now
N/A
""N/A""

now

now
now
n/a
now
now

N/A
now
now
n/a

now
N/A","NYC
NYC
NYC
NYC
NYC
NYC
NYC
NYC
NYC
NYC
NYC
NYC
NYC
NYC
NYC
NYC
NYC
NYC
NYC
NYC
NYC
NYC
NYC
NYC
NYC
NYC
NYC
NYC
NYC
NYC
NYC
NYC
NYC
NYC",Informative (Direct or Indirect),Omg NYC is now impacted by hurricane #Sandy,Omg NYC is now impacted by hurricane #Sandy,Caution and advice,A hurricane sighting has been reported,BuniYani
10/28/2012 6:08,Other,0.93,"closing of NYC bridges
closing of NYC bridges
GovCuomo orders closing of NYC bridges
closing of NYC bridges
closing of NYC bridges
closing of NYC bridges
closing of NYC bridges
closing of NYC bridges
closing of NYC bridges
closing of NYC bridges
closing of NYC bridges
closing of NYC bridges
closing of NYC bridges
closing of NYC bridges
closing of NYC bridges
closing of NYC bridges
closing of NYC bridges
orders closing of NYC bridges
orders closing of NYC bridges
@NYGovCuomo orders closing of NYC bridges
NYGovCuomo orders closing of NYC bridges
closing of NYC bridges.
closing of NYC bridges
closing of NYC bridges
closing of NYC bridges
closing of NYC bridges
closing of NYC bridges
closing of NYC bridges
closing of NYC bridges","close by 7pm
7pm
7pm
n/a
7pm
by 7pm
7pm
7pm
7pm
7pm
7pm
7pm
7pm
Bridges must close by 7pm
by 7pm
by 7pm
by 7pm
7pm
7pm
7pm
7pm

N/A
7pm
7pm
7pm
7pm
7pm
7pm","Brooklyn, Manhattan",Informative (Direct or Indirect),.@NYGovCuomo orders closing of NYC bridges. Only Staten Island bridges unaffected at this time. Bridges must close by 7pm. #Sandy #NYC,RT @weatherchannel: .@NYGovCuomo orders closing of NYC bridges. Only Staten Island bridges unaffected at this time. Bridges must close by 7pm. #Sandy #NYC,Caution and advice,Other,saraha64
10/28/2012 6:08,Other,0.9688,"lights go out
If your lights go out
lights go out
lights go out
If your lights go out
If your lights go out in Toronto it will take a couple hours to a couple of days to restore
If your lights go out
If your lights go out
If your lights go out
lights go out
If your lights go out in Toronto it will take a couple hours to a couple of days to restore
lights go out
If your lights go out
lights go out
If your lights go out
your lights go out
If your lights go out
If your lights go out in Toronto it will take a couple of days to restore them
If your lights go out
If your lights go out
If your lights go out in Toronto it will take a couple hours to a couple of days to restore
If your lights go out
If your lights go out
If your lights go out
lights go out
If your lights go out
lights go out
If your lights go out
If your lights go out in Toronto it will take a couple hours to a couple of days to restore","n/a
n/a
n/a
n/a
couple hours to a couple of days

N/A

couple of days to restore
couple of days


a couple hours to a couple of days
couple of days
couple hours to a couple of days

N/A
A couple of days
a couple hours to a couple of days
a couple hours to a couple of days
N/A
N/A
N/A
N/A
N/A
a couple hours to a couple of days
a couple of days

N/A","Toronto
Toronto
Toronto
Toronto
Toronto
Toronto
Toronto
Toronto
Toronto
Toronto
Toronto
Toronto
Toronto
Toronto
Toronto
Toronto
Toronto
Toronto
Toronto
Toronto
Toronto
Toronto
Toronto
Toronto
Toronto
in Toronto
Toronto
Toronto
Toronto",Informative (Direct),If your lights go out in Toronto it will take a couple hours to a couple of days to restore. #Sandy,"RT @clickflickca: ""If your lights go out in Toronto it will take a couple hours to a couple of days to restore."" #Sandy",Caution and advice,Other,commoncentsmom
10/28/2012 6:12,Other,1,"water coming out of your faucet
water
water coming out of your faucet
If you have water coming out of your faucet it is safe to drink
If you have water coming out of your faucet it is safe to drink
water coming out of your faucet
If you have water coming out of your faucet it is safe to drink
water coming out of your faucet
water coming out of your faucet it is safe to drink
If you have water coming out of your faucet it is safe to drink
safe water
safe water
it is safe to drink
If you have water coming out of your faucet it is safe to drink
If you have water coming out
water coming out of your faucet
water coming out of your faucet
water coming out of your faucet it is safe to drink
If you have water coming out of your faucet it is safe to drink
water coming out of your faucet
water coming out of your faucet
water coming out of your faucet it is safe to drink","na
n/a
N/A
N/A


N/A
N/A


n/a
n/a
na
N/A
N/A

N/A
n/a



N/A",NYC,Informative (Direct or Indirect),If you have water coming out of your faucet it is safe to drink. #Sandy,RT @NYCMayorsOffice: If you have water coming out of your faucet it is safe to drink. #Sandy,Caution and advice,Other,nathancreitz
10/28/2012 6:12,Other,1,"shut down power
shut down power
ConEd may shut down power","N/A
n/a
N/A",NYC,Informative (Indirect),NYC Mayor Bloomberg: ConEd may shut down power in southern Brooklyn and lower Manhattan. #Sandy,RT @TheMatthewKeys: NYC Mayor Bloomberg: ConEd may shut down power in southern Brooklyn and lower Manhattan. #Sandy,Caution and advice,,ksrgatorfn
10/28/2012 6:12,A hurricane warning has been issued or has been lifted,0.3501,"Cumberland is going to get it hard tonight
going to get it hard tonight by Sandy!!
Cumberland is going to get it hard tonight by Sandy","tonight
tonight
tonight","Cumberland
Cumberland
Cumberland",Informative (Indirect),On the news it says Cumberland is going to get it hard tonight by Sandy!!,RT @XONavajo: On the news it says Cumberland is going to get it hard tonight by Sandy!!,Caution and advice,,LovinMyMistakes
10/28/2012 6:12,Other,1,"closing of NYC bridges
NYGovCuomo orders closing of NYC bridges
closing of NYC bridges","by 7pm
by 7pm.
7pm","NYC
NYC
NYC",Informative (Indirect),RT @weatherchannel: @NYGovCuomo orders closing of NYC bridges. Only Staten Island bridges unaffected at this time. Must close by 7pm. #Sandy,RT @AsburyParkPress: RT @weatherchannel: @NYGovCuomo orders closing of NYC bridges. Only Staten Island bridges unaffected at this time. Must close by 7pm. #Sandy,Caution and advice,,rumsoncds
10/28/2012 6:12,Other,1,"All federal government offices in and around Washington will be closed
government offices in and around Washington will be closed
federal government offices in and around Washington will be closed","Tuesday
Tuesday
Tuesday",Washington,Informative (Indirect),All federal government offices in and around Washington will be closed Tuesday. #HurricaneSandy http://t.co/XEYNBgW0,RT @cnnbrk: All federal government offices in and around Washington will be closed Tuesday. #HurricaneSandy http://t.co/XEYNBgW0,Caution and advice,,UUgeh
10/28/2012 14:23,Other,1,"NYC Hurricane Sandy 2012 Update
Storm to Shut Down City
Storm","n/a
Tuesday
Tuesday","NYC
NYC
NYC",Informative (Indirect),NYC Hurricane Sandy 2012 Update: Storm to Shut Down City on Tuesday http://t.co/ZS97FeGR,NYC Hurricane Sandy 2012 Update: Storm to Shut Down City on Tuesday http://t.co/ZS97FeGR,Caution and advice,,ChrisJACooper
10/28/2012 14:23,A hurricane sighting has been reported,0.6502,"clouds loom
Menacing clouds loom over #NYC
Menacing clouds","
today
today","NYC
NYC
NYC",Informative (Indirect),Menacing clouds loom over #NYC today in advance of Hurricane #Sandy. #Frankenstorm http://t.co/Blm4kUzw,Menacing clouds loom over #NYC today in advance of Hurricane #Sandy. #Frankenstorm http://t.co/Blm4kUzw,Caution and advice,,EMaloneG
10/28/2012 14:23,A shelter is open or available,1,"safe place to stay
shelter info avail.
shelter","
n/a
N/A",NYC,Informative (Indirect),If you need a safe place to stay shelter info avail. in #Hurricane app http://t.co/4qNCbnTW & http://t.co/gtQEoxjS. #Sandy,RT @RedCross: If you need a safe place to stay shelter info avail. in #Hurricane app http://t.co/4qNCbnTW & http://t.co/gtQEoxjS. #Sandy,Caution and advice,,PoppenReport
10/28/2012 14:34,Other,0.6631,"close NYC bridges
close NYC bridges
close NYC bridges","7:00 PM
7:00 PM
7:00 PM","NYC
NYC
NYC",Informative (Indirect),Gov. Cuomo has directed the Port Authority and the MTA to close NYC bridges at 7:00 PM http://t.co/ViLRqyQU #Sandy,RT @nydailynews: Gov. Cuomo has directed the Port Authority and the MTA to close NYC bridges at 7:00 PM http://t.co/ViLRqyQU #Sandy,Caution and advice,,katew
10/28/2012 14:37,Other,0.6502,"marina lower wall/pier
Ready to crest
Ready to crest North Cove marina lower wall/pier","n/a
5:15pm
5:15pm","NYC
North Cove marina lower wall/pier
orth Cove marina",Informative (Indirect),5:15pm Ready to crest North Cove marina lower wall/pier. 4+ft to Esplanade #BPC #NYC @AP @BrianLehrer @Gawker #Sandy,5:15pm Ready to crest North Cove marina lower wall/pier. 4+ft to Esplanade #BPC #NYC @AP @BrianLehrer @Gawker #Sandy,Caution and advice,,dingbat
10/28/2012 14:37,A hurricane sighting has been reported,1,"Hurricane Sandy hits landfall
The latest as Hurricane Sandy hits landfall.
hits landfall","throughout the night
throughout the night
throughout the night",NYC,Informative (Indirect),The latest as Hurricane Sandy hits landfall. Rolling news coverage @SkyNews throughout the night,RT @skynewspip: The latest as Hurricane Sandy hits landfall. Rolling news coverage @SkyNews throughout the night,Caution and advice,,RNorthumberland
10/28/2012 14:44,Other,0.6631,"Limited commuter rail service to resume
Limited commuter rail service to resume
rail service to resume","2 p.m. Wednesday
2 p.m. Wednesday
2 p.m",NYC,Informative (Indirect),RT @NYTMetro: Limited commuter rail service to resume in New York at 2 p.m. Wednesday http://t.co/oi2lnGTm,RT @nytimes: RT @NYTMetro: Limited commuter rail service to resume in New York at 2 p.m. Wednesday http://t.co/oi2lnGTm,Caution and advice,,VivaLaSlim
10/28/2012 19:09,A hurricane warning has been issued or has been lifted,0.3819,"Hurricane Sandy Shelter
Find the Hurricane Sandy Shelter
Find the Hurricane Sandy Shelter","n/a
N/A
n/a",NYC,Informative (Direct),How to Find the Hurricane Sandy Shelter Closest to You http://t.co/QabOr5a1,RT @inhabitat: How to Find the Hurricane Sandy Shelter Closest to You http://t.co/QabOr5a1,Caution and advice,,SoulNav
10/28/2012 19:09,Other,1,"it will take a day or two to recover
it will take a day or two to recover
to recover","a day or two
N/A
a day or two","NYC
NYC
nyc",Informative (Indirect),it will take a day or two to recover...[some things] into the weekend--@mikeBloomberg #sandy #nyc,"RT @azipaybarah: ""it will take a day or two to recover...[some things] into the weekend""--@mikeBloomberg #sandy #nyc",Caution and advice,,faiza_n_ali
10/28/2012 19:41,Other,1,"closing of NYC bridges
@NYGovCuomo orders closing of NYC bridges
closing of NYC bridges","by 7pm
7pm
7pm","Brooklyn, Manhattan",Informative (Indirect),.@NYGovCuomo orders closing of NYC bridges. Only Staten Island bridges unaffected at this time. Bridges must close by 7pm. #Sandy #NYC,RT @weatherchannel: .@NYGovCuomo orders closing of NYC bridges. Only Staten Island bridges unaffected at this time. Bridges must close by 7pm. #Sandy #NYC,Caution and advice,,MichelleRafter
10/28/2012 19:41,Other,0.7358,"closing of NYC bridges
closing of NYC bridges
closing of NYC bridges","by 7pm
n/a
7pm","Brooklyn, Manhattan",Informative (Indirect),.@NYGovCuomo orders closing of NYC bridges. Only Staten Island bridges unaffected at this time. Bridges must close by 7pm. #Sandy #NYC,RT @weatherchannel: .@NYGovCuomo orders closing of NYC bridges. Only Staten Island bridges unaffected at this time. Bridges must close by 7pm. #Sandy #NYC,Caution and advice,,Nelmcadoo
10/28/2012 19:44,Other,1,"Bellevue Hospital Set to Evacuate
Bellevue Hospital Set to Evacuate
Hospital Set to Evacuate","N/A
n/a
n/a",NYC,Informative (Indirect),NYC's Bellevue Hospital Set to Evacuate - ABC News: ABC NewsNYC's Bellevue Hospital Set to EvacuateABC NewsNew Y... http://t.co/OqAnDoHf,NYC's Bellevue Hospital Set to Evacuate - ABC News: ABC NewsNYC's Bellevue Hospital Set to EvacuateABC NewsNew Y... http://t.co/OqAnDoHf,Caution and advice,,1sthealthnews
10/28/2012 19:49,A shelter is open or available,0.6386,"ALL evacuation shelters are pet friendly
ALL evacuation shelters are pet friendly
evacuation shelters are pet friendly - don't leave your pets behind","N/A
N/A
n/a","NYC
NYC
NYC",Informative (Indirect),NYC ALERT: ALL evacuation shelters are pet friendly - don't leave your pets behind! http://t.co/Xs6MngZp #SANDY #sandypets,RT @ASPCA: NYC ALERT: ALL evacuation shelters are pet friendly - don't leave your pets behind! http://t.co/Xs6MngZp #SANDY #sandypets,Caution and advice,,Daneeo1985
10/28/2012 19:56,A hurricane warning has been issued or has been lifted,0.3645,"The most severe part of the storm
most severe part of the storm is now beginning
severe part of the storm is now beginning","now
now
now","NYC
NYC
NYC",Informative (Indirect),The most severe part of the storm is now beginning-Mayor Bloomberg. NYC #Sandy,"RT @MiaFarrow: ""The most severe part of the storm is now beginning""-Mayor Bloomberg. NYC #Sandy",Caution and advice,,longfellow520
10/28/2012 20:06,A hurricane warning has been issued or has been lifted,0.7122,"state of emergency
9 states along Mid-Atlantic coast declare state of emergency
declare state of emergency","N/A
N/A
n/a",NYC,Informative (Indirect),9 states along Mid-Atlantic coast declare state of emergency-info&updates here + evac zone maps/guides for #NYC http://t.co/xuL3kt1a #Sandy,RT @katiecouric: 9 states along Mid-Atlantic coast declare state of emergency-info&updates here + evac zone maps/guides for #NYC http://t.co/xuL3kt1a #Sandy,Caution and advice,,HotmaMejia
10/28/2012 20:18,A hurricane warning has been issued or has been lifted,0.7108,"Conditions are dangerous and will get worse
Please stay where you are
Conditions are dangerous and will get worse","N/A
N/A
The time for evacuation is over","NYC
NYC
NYC",Informative (Indirect),The time for evacuation is over. Conditions are dangerous and will get worse. Please stay where you are #Sandy #NYC http://t.co/KQp2f2vX,RT @MikeBloomberg: The time for evacuation is over. Conditions are dangerous and will get worse. Please stay where you are #Sandy #NYC http://t.co/KQp2f2vX,Caution and advice,,jmbelcher
10/28/2012 20:20,A shelter is open or available,1,"shelters we opened will remain open
76 shelters we opened will remain open today
76 shelters we opened will remain open today","today
today
today","NYC
NYC
NYC",Informative (Indirect),Mayor Bloomberg: The 76 shelters we opened will remain open today. #Sandy #NYC,RT @HuffingtonPost: Mayor Bloomberg: The 76 shelters we opened will remain open today. #Sandy #NYC,Caution and advice,,HeiddiZ
10/28/2012 20:20,Other,1,"all four East River bridges will shut down
At 7 PM all four East River bridges will shut down
bridges will shut down","7 PM
7 PM
7 PM",Brooklyn,Informative (Indirect),BREAKING: At 7 PM all four East River bridges will shut down: Brooklyn Manhattan Williamsburg and Ed Koch Queensboro Bridges. #Sandy,RT @NYCMayorsOffice: BREAKING: At 7 PM all four East River bridges will shut down: Brooklyn Manhattan Williamsburg and Ed Koch Queensboro Bridges. #Sandy,Caution and advice,,Jsurvivor_nyc
10/28/2012 20:24,A hurricane sighting has been reported,1,"wind gust to 66mph
JFK recorded a wind gust to 66mph at 1:36pm
recorded a wind gust to 66mph","1:36pm
1:36pm
1:36pm","JFK
N/A
JFK",Informative (Indirect),JFK recorded a wind gust to 66mph at 1:36pm. Just short of hurricane force. Still 8-10hrs from landfall. http://t.co/4Cswv26R #Sandy,RT @WSJweather: JFK recorded a wind gust to 66mph at 1:36pm. Just short of hurricane force. Still 8-10hrs from landfall. http://t.co/4Cswv26R #Sandy,Caution and advice,,DanaGalColeman
10/28/2012 20:28,Other,1,"All pets are accepted
All pets are accepted on the subway taxi and trains
pets are accepted on the subway taxi and trains","during evacuation
N/A
during evacuation.",NYC,Informative (Indirect),NYC ALERT: All pets are accepted on the subway taxi and trains during evacuation. #Sandy #SandyPets,RT @ASPCA: NYC ALERT: All pets are accepted on the subway taxi and trains during evacuation. #Sandy #SandyPets,Caution and advice,,biasia
10/28/2012 20:28,Other,0.7122,"Stay inside
Stay inside try to relax don't go being macho and running into the water
Stay inside try to relax","N/A
N/A
n/a",NYC,Informative (Indirect),In sum: http://t.co/jJUy1y8F Stay inside try to relax don't go being macho and running into the water. #Sandy #MayorBloomberg,In sum: http://t.co/jJUy1y8F Stay inside try to relax don't go being macho and running into the water. #Sandy #MayorBloomberg,Caution and advice,,nycTrend
10/28/2012 20:32,A hurricane warning has been issued or has been lifted,0.7047,"Sandy hitting gas peda
Sandy hitting gas pedal
Sandy hitting gas pedal. Speeding up.","N/A
n/a
scheduled",NYC,Informative (Indirect),NEW INFO: Sandy hitting gas pedal. Speeding up. Earlier collision with shore scheduled. Expect lots of damage. http://t.co/lxWv1Fhz - NBC4,NEW INFO: Sandy hitting gas pedal. Speeding up. Earlier collision with shore scheduled. Expect lots of damage. http://t.co/lxWv1Fhz - NBC4,Caution and advice,,AboveAverageA
10/28/2012 20:34,A hurricane warning has been issued or has been lifted,0.6506,"President Obama declares states of emergency
President Obama declares states of emergency in New York and Massachusetts
President Obama declares states of emergency","N/A
N/A
n/a",NYC,Informative (Indirect),President Obama declares states of emergency in New York and Massachusetts due to #Hurricane #Sandy. http://t.co/tf7VoWGI,RT @cnnbrk: President Obama declares states of emergency in New York and Massachusetts due to #Hurricane #Sandy. http://t.co/tf7VoWGI,Caution and advice,,_LetsFlyAway_
10/28/2012 20:37,A hurricane warning has been issued or has been lifted,0.6619,"Remain in your homes
Remain in your homes while the storm is in progress
Remain in your homes","while the storm is in progress
while the storm is in progress
in progress",NYC,Informative (Direct),Remain in your homes while the storm is in progress. Stay away from windows: http://t.co/KQp2f2vX #Sandy #NYC,RT @MikeBloomberg: Remain in your homes while the storm is in progress. Stay away from windows: http://t.co/KQp2f2vX #Sandy #NYC,Caution and advice,,JahEmpress
10/28/2012 20:37,A hurricane sighting has been reported,0.7122,"Winds howling crazy like a banshee
Winds howling crazy like a banshee thru NYC
Winds howling crazy like a banshee","N/A
N/A
today","NYC
NYC
thru NYC",Informative (Direct),Winds howling crazy like a banshee thru NYC - bring it on Hurricane Sandy! (good call for the city govt. to shut everything down today),Winds howling crazy like a banshee thru NYC - bring it on Hurricane Sandy! (good call for the city govt. to shut everything down today),Caution and advice,,SuSohn
10/28/2012 20:37,Other,1,"Please use 311 for downed trees and flooding
use 311 for downed trees and flooding
use 311 for downed trees and flooding not 911","N/A

n/a","NYC
NYC
NYC",Informative (Indirect),"Mayor Bloomberg: ""Please use 311 for downed trees and flooding not 911."" #Sandy #NYC","RT @twc_hurricane: Mayor Bloomberg: ""Please use 311 for downed trees and flooding not 911."" #Sandy #NYC",Caution and advice,,MadameRamotswe
10/28/2012 20:37,Other,0.6771,"BLIZZARD WARNINGS
BLIZZARD WARNINGS IN WEST VIRGINIA
BLIZZARD WARNINGS","
N/A
WHILE HURRICANE SANDY THREATENS",WV,Informative (Indirect),BLIZZARD WARNINGS IN WEST VIRGINIA ÃƒÆ’Ã†â€™Ãƒâ€šÃ‚Â¤ÃƒÆ’Ã†â€™Ãƒâ€šÃ‚Â³ÃƒÆ’Ã†â€™Ãƒâ€šÃ‚Â® WHILE HURRICANE SANDY THREATENS: http://t.co/suAeqpui,RT @gretawire: BLIZZARD WARNINGS IN WEST VIRGINIA WHILE HURRICANE SANDY THREATENS: http://t.co/suAeqpui,Caution and advice,,normsantos
10/28/2012 20:40,Other,1,"satalite images and shots
satalite images and shots coming out
satalite images and shots coming out","N/A
N/A
n/a","NYC
NYC
NYC",Informative (Indirect),Wow the satalite images and shots coming out of NYC are really scary. #StaySafe #Sandy,Wow the satalite images and shots coming out of NYC are really scary. #StaySafe #Sandy,Caution and advice,,Halled
10/28/2012 20:44,A hurricane warning has been issued or has been lifted,1,"Experts Say 8 O'Clock Is When Hurricane Sandy Unleashes Her Fury On NYC
Hurricane Sandy Unleashes Her Fury On NYC
When Hurricane Sandy Unleashes Her Fury","8 O'Clock
8 O'Clock
8 O'Clock","NYC
NYC
NYC",Informative (Indirect),#IFWT Experts Say 8 O'Clock Is When Hurricane Sandy Unleashes Her Fury On NYC - http://t.co/TQSYfNah,RT @funkmasterflex: #IFWT Experts Say 8 O'Clock Is When Hurricane Sandy Unleashes Her Fury On NYC - http://t.co/TQSYfNah,Caution and advice,,KidDuckie
10/28/2012 20:50,A hurricane warning has been issued or has been lifted,0.3614,"most severe part of the hurricane
most severe part of the hurricane is now beginning
The most severe part of the hurricane is now beginning","now beginning
now
now","NYC
NYC
NYC",Informative (Indirect),RT @NYMag: Mayor Bloomberg: The most severe part of the hurricane is now beginning. #NYC still v. much within danger zone. #Sandy,RT @emoticomma: RT @NYMag: Mayor Bloomberg: The most severe part of the hurricane is now beginning. #NYC still v. much within danger zone. #Sandy,Caution and advice,,wlynnae
10/28/2012 20:53,Other,1,"phone network overload
w/phone network overload or no Internet
phone network overload or no Internet can text","N/A
N/A
n/a","N/A
NYC
n/a",Informative (Direct),NYC w/phone network overload or no Internet can text 311692 for info or help. #Sandy Please RT,RT @KattHumor: NYCÃƒÆ’Ã†â€™Ãƒâ€šÃ‚Â¤ÃƒÆ’Ã†â€™Ãƒâ€šÃ‚Â³ÃƒÆ’Ã¢â‚¬Å¡Ãƒâ€šÃ‚Â»ers w/phone network overload or no Internet can text QÃƒÆ’Ã†â€™Ãƒâ€šÃ‚Â¤ÃƒÆ’Ã†â€™Ãƒâ€šÃ‚Â³ÃƒÆ’Ã¢â‚¬Å¡Ãƒâ€šÃ‚Â»s to 311692 for info or help. #Sandy Please RT,Caution and advice,,markustedeschii
10/28/2012 20:53,A hurricane sighting has been reported,0.7122,"wind and rain are starting up
wind and rain are starting up
wind and rain are starting up","N/A
N/A
n/a","N/A
N/A
n/a",Informative (Direct),wind and rain are starting up... SANDY'S COMIN,RT @kristinklementz: wind and rain are starting up... SANDY'S COMIN,Caution and advice,,nicholatrinh
10/28/2012 20:57,Other,1,"pets are accepted on the subway taxi and trains
All pets are accepted on the subway taxi and trains during evacuation
pets are accepted on the subway taxi and trains","during evacuation
during evacuation
during evacuation","NYC
NYC
NYC",Informative (Indirect),NYC ALERT: All pets are accepted on the subway taxi and trains during evacuation. #Sandy #SandyPets,RT @ASPCA: NYC ALERT: All pets are accepted on the subway taxi and trains during evacuation. #Sandy #SandyPets,Caution and advice,,Marketa1981
10/28/2012 20:57,Other,1,"the time for evacuation
time for evacuation is now over
time for evacuation is now over","now over
now
now","nyc
NYC
nyc",Informative (Indirect),the time for evacuation is now over - mike bloomberg. | #nyc #sandy,the time for evacuation is now over - mike bloomberg. | #nyc #sandy,Caution and advice,,shaunrandol
10/28/2012 21:09,Other,1,"ConEd may shut down power
ConEd may shut down power
may shut down power","N/A
N/A
n/a","Brooklyn, Manhattan",Informative (Indirect),NYC Mayor Bloomberg: ConEd may shut down power in southern Brooklyn and lower Manhattan. #Sandy,RT @TheMatthewKeys: NYC Mayor Bloomberg: ConEd may shut down power in southern Brooklyn and lower Manhattan. #Sandy,Caution and advice,,kerstinshamberg
10/29/2012 6:05,Other,0.9684,"Public transportation closed until further notice
Public transportation closed until further notice
Public transportation closed until further notice
Public transportation closed until further notice
Public transportation closed
Public transportation closed until further notice
Public transportation closed until further notice
Public transportation closed
Public transportation closed
Public transportation closed
Public transportation closed until further notice.
Public transportation closed until further notice
Public transportation closed
Public transportation closed until further notice
Public transportation closed
Public transportation closed
NYC subway tunnels flooded. Air runways flooded at airport
Public transportation closed
Public transportation closed
Public transportation closed
Public transportation closed
Public transportation closed until further notice.
""Public transportation closed until further notice."" Some NYC subway tunnels flooded. Air runways flooded at airport.
Public transportation closed
Public transportation closed
Public transportation closed until further notice
flooded
Public transportation closed
Some NYC subway tunnels flooded. Air runways flooded at airport","until further notice
until further notice

n/a
N/A
until further notice
N/A

until further notice
until further notice


until further notice


until further notice
until further notice
until further notice
until further notice
Until further notice
until further notice

N/A
N/A
until further notice
until further notice
until further notice

N/A","NYC
NYC
NYC
NYC
NYC
NYC
NYC
NYC
NYC
NYC
NYC
NYC
NYC
NYC
NYC
NYC
NYC
NYC
NYC
Some NYC subway tunnels flooded.  Air runways flooded at airport.
NYC
NYC
NYC
NYC
NYC
NYC
NYC
NYC
NYC",Informative (Direct),"Bloomberg: ""Public transportation closed until further notice."" Some NYC subway tunnels flooded. Air runways flooded at airport. #Sandy","RT @xeni: Bloomberg: ""Public transportation closed until further notice."" Some NYC subway tunnels flooded. Air runways flooded at airport. #Sandy",Caution and advice,"A hurricane sighting has been reported
Other",celestemc
10/29/2012 14:23,A hurricane warning has been issued or has been lifted,0.6869,"Please stay where you are
Conditions are dangerous and will get worse
Conditions are dangerous","N/A
The time for evacuation is over
N/A","NYC
NYC
where you are",Informative (Indirect),The time for evacuation is over. Conditions are dangerous and will get worse. Please stay where you are #Sandy #NYC http://t.co/KQp2f2vX,RT @MikeBloomberg: The time for evacuation is over. Conditions are dangerous and will get worse. Please stay where you are #Sandy #NYC http://t.co/KQp2f2vX,Caution and advice,,coastalvegan
10/29/2012 14:30,Other,0.6869,"sandy update
sandy update here
sandy update","now
now
now",NYC,Informative (Indirect),Mayor Bloomberg live NYC #sandy update here now: http://t.co/84uM94Kh,RT @rebeccagberg: Mayor Bloomberg live NYC #sandy update here now: http://t.co/84uM94Kh,Caution and advice,,BuzzFeed
10/29/2012 14:34,A hurricane sighting has been reported,0.6647,"high wind
damn high wind
high wind","Now
Now
Now",NJC,Informative (Direct),Now we gotta a damn high wind thanks to that bitch Sandy,Now we gotta a damn high wind thanks to that bitch Sandy,Caution and advice,,SoLowKey1
10/29/2012 14:34,Other,1,"Over 13500 flight cancelled
Over 13500 flight cancelled
13500 flight cancelled","N/A
n/a
n/A","NYC, NJ",Informative (Indirect),#Sandy #Updates: Over 13500 flight cancelled and counting due to Hurricane Sandy.. #NYC #NJ http://t.co/yUClpuNt,#Sandy #Updates: Over 13500 flight cancelled and counting due to Hurricane Sandy.. #NYC #NJ http://t.co/yUClpuNt,Caution and advice,,JasminGranado
10/29/2012 14:40,A hurricane warning has been issued or has been lifted,0.6869,"SANDY SET TO SLAM NYC AND TRI-STATE REGION
STORM SANDY SET TO SLAM
SLAM NYC","N/A
n/a
n/A",NYC,Informative (Indirect),MONSTER STORM SANDY SET TO SLAM NYC AND TRI-STATE REGION: AS HURRICANE SANDY PICKS UP SPEED forecasters say it will slam into New Jersey,MONSTER STORM SANDY SET TO SLAM NYC AND TRI-STATE REGION: AS HURRICANE SANDY PICKS UP SPEED forecasters say it will slam into New Je...,Caution and advice,,CGaye2
10/29/2012 14:44,A hurricane sighting has been reported,1,"winds water swell
Sandy now 40 miles from New Jersey
winds water swell","now
now
now",NJ,Informative (Indirect),#BREAKING: #Sandy now 40 miles from New Jersey as winds water swell #SandyNJ http://t.co/sEQMLFv3,RT @NBCNewYork: #BREAKING: #Sandy now 40 miles from New Jersey as winds water swell #SandyNJ http://t.co/sEQMLFv3,Caution and advice,,annemaccat
10/29/2012 14:44,Other,1,"All bridges tunnels in NYC closed except for Lincoln Tunnel
bridges tunnels in NYC closed
tunnels in NYC closed","N/A
n/a
n/A","NYC
NYC
NYC",Informative (Indirect),All bridges tunnels in NYC closed except for Lincoln Tunnel. #sandyonfox http://t.co/UQ6QYH09,All bridges tunnels in NYC closed except for Lincoln Tunnel. #sandyonfox http://t.co/UQ6QYH09,Caution and advice,,MyFoxNY
10/29/2012 14:47,A hurricane sighting has been reported,1,"Sandy makes landfall
Sandy makes landfall
Sandy makes landfall","N/A
n/a
n/A",NJ,Informative (Indirect),#BREAKING: #Sandy makes landfall in New Jersey. #NJ http://t.co/oxTN1BKB,RT @NBCNewYork: #BREAKING: #Sandy makes landfall in New Jersey. #NJ http://t.co/oxTN1BKB,Caution and advice,,CirocBoyNick
10/29/2012 19:09,A hurricane sighting has been reported,0.7629,"Storm just now hitting Jersey
All bridges closing in NYC & Jersey
All bridges closing
Storm
All bridges closing in NYC & Jersey
Storm just now hitting Jersey
Storm just now hitting Jersey
Storm just now hitting","now
now
just now
n/a
N/A
now
now
just now","NYC, NJ",Informative (Direct or Indirect),Storm just now hitting Jersey...Milford is feeling it big time. All bridges closing in NYC & Jersey. Wow... #sandy,Storm just now hitting Jersey...Milford is feeling it big time. All bridges closing in NYC & Jersey. Wow... #sandy,Caution and advice,A hurricane sighting has been reported,beball
10/29/2012 19:09,Other,1,"Airports and stock exchange reopen
Airports and stock exchange reopen
Airports and stock exchange reopen; NJ devastated","N/A
N/A
n/a","NJ
NJ
NJ",Informative (Indirect),LATEST | Airports and stock exchange reopen; NJ devastated: Two major airports reopened and the floor of the New... http://t.co/GefqGlfb,LATEST | Airports and stock exchange reopen; NJ devastated: Two major airports reopened and the floor of the New... http://t.co/GefqGlfb,Caution and advice,,TheSunNews
10/29/2012 19:14,A hurricane warning has been issued or has been lifted,0.7003,"Conditions are dangerous
The time for evacuation is over
time for evacuation is over. Conditions are dangerous","N/A
N/A
n/a","NYC
NYC
NYC",Informative (Indirect),The time for evacuation is over. Conditions are dangerous and will get worse. Please stay where you are #Sandy #NYC http://t.co/KQp2f2vX,RT @MikeBloomberg: The time for evacuation is over. Conditions are dangerous and will get worse. Please stay where you are #Sandy #NYC http://t.co/KQp2f2vX,Caution and advice,,alj770
10/29/2012 19:14,Other,0.6355,"Sandy to cause 'record extreme coastal flooding
Sandy to cause 'record extreme coastal flooding
record extreme coastal flooding","N/A
N/A
n/a",NJ,Informative (Indirect),Sandy to cause 'record extreme coastal flooding' http://t.co/KHls8eDj via @AsburyParkPress,Sandy to cause 'record extreme coastal flooding' http://t.co/KHls8eDj via @AsburyParkPress,Caution and advice,,colleen52390759
10/29/2012 19:29,A hurricane warning has been issued or has been lifted,1,"When Hurricane Sandy Unleashes Her Fury
8 O'Clock Is When Hurricane Sandy Unleashes Her Fury
Hurricane Sandy Unleashes Her Fury","8 O'Clock
8 O'Clock
8 O'Clock","NYC
NYC
NYC",Informative (Indirect),#IFWT Experts Say 8 O'Clock Is When Hurricane Sandy Unleashes Her Fury On NYC - http://t.co/jfOwCb5o,RT @funkmasterflex: #IFWT Experts Say 8 O'Clock Is When Hurricane Sandy Unleashes Her Fury On NYC - http://t.co/jfOwCb5o,Caution and advice,,RealMGillette
10/29/2012 19:34,Other,1,"BE SAFE!!!
BE SAFE
BE SAFE","N/A
n/a
n/a","NYC, NJ",Informative (Direct),Everyone in NYC and surrounding areas BE SAFE!!! Praying for you all #Sandy,RT @TeamApoloKarina: Everyone in NYC and surrounding areas BE SAFE!!! Praying for you all #Sandy,Caution and advice,,jimmbboe
10/29/2012 19:34,A hurricane sighting has been reported,1,"storm is getting closer
storm is getting closer
storm is getting closer","N/A
n/a
n/a",NYC,Informative (Direct),And so it begins. The storm is getting closer and closer and the wind gets stronger and louder...#sandy,And so it begins. The storm is getting closer and closer and the wind gets stronger and louder...#sandy,Caution and advice,,vickyXlee
10/29/2012 19:37,A hurricane sighting has been reported,0.7108,"winds water swell
Sandy now 40 miles from New Jersey
Sandy now 40 miles from New Jersey","now
now
now",NJ,Informative (Indirect),#BREAKING: #Sandy now 40 miles from New Jersey as winds water swell #SandyNJ http://t.co/sEQMLFv3,RT @NBCNewYork: #BREAKING: #Sandy now 40 miles from New Jersey as winds water swell #SandyNJ http://t.co/sEQMLFv3,Caution and advice,,beachhomesnj
10/29/2012 19:37,Other,1,"updates residents
Mayor Michael Bloomberg updates residents on Hurricane
updates residents on Hurricane #Sandy","N/A
N/A
n/a","NYC
NYC
NYC",Informative (Indirect),LIVE VIDEO: NYC Mayor Michael Bloomberg updates residents on Hurricane #Sandy http://t.co/XtzsBslf,RT @NBCNews: LIVE VIDEO: NYC Mayor Michael Bloomberg updates residents on Hurricane #Sandy http://t.co/XtzsBslf,Caution and advice,,meggy009
10/29/2012 19:41,Other,0.6543,"East coast braces for hurricane
East coast braces for hurricane
braces for hurricane","n/a
N/A
n/a",NJ,Informative (Indirect),Sandy: East coast braces for hurricane ÃƒÆ’Ã†â€™Ãƒâ€šÃ‚Â¤ÃƒÆ’Ã†â€™Ãƒâ€šÃ‚Â³ÃƒÆ’Ã†â€™ÃƒÂ¢Ã¢â€šÂ¬Ã¢â‚¬Å“life-threateningÃƒÆ’Ã†â€™Ãƒâ€šÃ‚Â¤ÃƒÆ’Ã†â€™Ãƒâ€šÃ‚Â³ÃƒÆ’Ã¢â‚¬Å¡Ãƒâ€šÃ‚Â» storm surge http://t.co/zD0IJNRA,"Sandy: East coast braces for hurricane “life-threatening"" storm surge http://t.co/zD0IJNRA",Caution and advice,,conquilia
10/29/2012 19:41,A hurricane warning has been issued or has been lifted,0.6974,"Wind gusts over 60 mph
Wind gusts over 60 mph
Wind gusts over 60 mph","this hour
N/A
this hour",NYC,Informative (Indirect),Wind gusts over 60 mph are being reported at Central Park and JFK airport in #NYC this hour. #Sandy,RT @twc_hurricane: Wind gusts over 60 mph are being reported at Central Park and JFK airport in #NYC this hour. #Sandy,Caution and advice,,DITZABELLA
10/29/2012 19:44,A hurricane warning has been issued or has been lifted,0.6559,"the worst of the storm
worst of the storm
worst of the storm","630-1030 PM
630-1030 PM
630-1030 PM","NYC
NYC
NYC",Informative (Indirect),RT @achorowitz: 630-1030 PM will be the worst of the storm in NYC says Bloomberg #nyc #sandy,RT @AlexJamesFitz: RT @achorowitz: 630-1030 PM will be the worst of the storm in NYC says Bloomberg #nyc #sandy,Caution and advice,,Kenosen2
10/29/2012 19:44,A hurricane sighting has been reported,0.6235,"Sandy approaching
Sandy
Sandy approaching","N/A
n/a
n/a",NJ,Informative (Indirect),Sandy approaching northeast U.S. http://t.co/cDuyLxA2,Sandy approaching northeast U.S. http://t.co/cDuyLxA2,Caution and advice,,optimismnow2
10/29/2012 19:52,Other,0.6355,"Mayor is updating New Yorkers on #Sandy
Mayor is updating New Yorkers
Mayor is updating New Yorkers on #Sandy","LIVE NOW
N/A
LIVE NOW",NYC,Informative (Indirect),LIVE NOW: the Mayor is updating New Yorkers on #Sandy: http://t.co/1y3SaPsl,RT @NYCMayorsOffice: LIVE NOW: the Mayor is updating New Yorkers on #Sandy: http://t.co/1y3SaPsl,Caution and advice,,HealthcareWen
10/29/2012 20:06,A hurricane sighting has been reported,0.6988,"Sandy now 40 miles from New Jersey
Sandy now 40 miles from New Jersey
Sandy now 40 miles from New Jersey","now
N/A
now",NJ,Informative (Indirect),#BREAKING: #Sandy now 40 miles from New Jersey as winds water swell #SandyNJ http://t.co/sEQMLFv3,RT @NBCNewYork: #BREAKING: #Sandy now 40 miles from New Jersey as winds water swell #SandyNJ http://t.co/sEQMLFv3,Caution and advice,,attynyc212
10/29/2012 20:06,Other,1,"Bridges Set to Close
Several Bridges Set to Close
Bridges Set to Close","N/A
N/A
n/a","Brooklyn, Manhattan",Informative (Indirect),Several Bridges Set to Close Because of #HurricaneSandy #Sandy #NYC http://t.co/3BnewQxJ,Several Bridges Set to Close Because of #HurricaneSandy #Sandy #NYC http://t.co/3BnewQxJ,Caution and advice,,DNAinfo
10/29/2012 20:14,A hurricane sighting has been reported,0.6386,"highest observed gusts
JFK airport in #NYC now gusting to 71 mph
now gusting to 71 mph","now
now
now",JFK,Informative (Indirect),#JFK airport in #NYC now gusting to 71 mph - the highest observed gusts so far in NYC during #Sandy.,RT @twc_hurricane: #JFK airport in #NYC now gusting to 71 mph - the highest observed gusts so far in NYC during #Sandy.,Caution and advice,,JusAire
10/29/2012 20:24,Other,0.6559,"keep an eye out for storm drains
please prepared to keep an eye out for storm drains
keep an eye out for storm drains","In advance of the arrival of Hurricane Sandy
In advance of the arrival of Hurricane Sandy
the arrival of Hurricane Sandy",NYC,Informative (Indirect),In advance of the arrival of Hurricane Sandy please prepared to keep an eye out for storm drains whose tops are... http://t.co/8ro4trG5,In advance of the arrival of Hurricane Sandy please prepared to keep an eye out for storm drains whose tops are... http://t.co/8ro4trG5,Caution and advice,,BTVDPW
10/29/2012 20:47,Other,0.6506,"empty streets in the concrete jungle
New York City never sleeps
empty streets in the concrete jungle","N/A
N/A
n/a",NYC,Informative (Direct),@NewYorkPost: New York City never sleeps.... #hurricance #sandy #nyc http://t.co/B9BiLs8x empty streets in the concrete jungle!,"RT @ArturinAbreu: ""@NewYorkPost: New York City never sleeps.... #hurricance #sandy #nyc http://t.co/B9BiLs8x"" empty streets in the concrete jungle!",Caution and advice,,luisdessommes
10/29/2012 20:47,Other,1,"Mayor Bloomberg will update New Yorkers on #Sandy
Mayor Bloomberg will update New Yorkers on #Sandy
Mayor Bloomberg will update New Yorkers","10 AM
10 AM
10 AM",NYC,Informative (Indirect),Mayor Bloomberg will update New Yorkers on #Sandy at 10 AM. Will be live on http://t.co/wl7rGW1H.,RT @NYCMayorsOffice: Mayor Bloomberg will update New Yorkers on #Sandy at 10 AM. Will be live on http://t.co/wl7rGW1H.,Caution and advice,,DareIBuild
10/29/2012 20:50,Other,1,"Empty streets
Empty streets
Empty streets","N/A
n/a
n/a","Soho
Soho NYC
Soho NYC",Informative (Indirect),Empty streets of Soho NYC by @xhank. http://t.co/pQxgRVG1 #sandy,RT @stevesilberman: Empty streets of Soho NYC by @xhank. http://t.co/pQxgRVG1 #sandy,Caution and advice,,johndavisonx
10/29/2012 21:09,A hurricane sighting has been reported,1,"#Sandy now 40 miles from New Jersey
Sandy now 40 miles from New Jersey
Sandy
winds water swell","now
now
now
now",NJ,Informative (Indirect),#BREAKING: #Sandy now 40 miles from New Jersey as winds water swell #SandyNJ http://t.co/sEQMLFv3,RT @NBCNewYork: #BREAKING: #Sandy now 40 miles from New Jersey as winds water swell #SandyNJ http://t.co/sEQMLFv3,Caution and advice,,Cholosocksgirl
10/30/2012 14:30,A hurricane warning has been issued or has been lifted,0.6485,"Sandy will unleash furious waves on New York City
Sandy will unleash furious waves
Sandy will unleash furious waves","8 P.M
8 P.M
8 P.M",NYC,Informative (Indirect),SET YOUR WATCHES FOR 8 P.M:' That's when #Sandy will unleash furious waves on New York City http://t.co/soE3zq3s,RT @nydailynews: 'SET YOUR WATCHES FOR 8 P.M:' That's when #Sandy will unleash furious waves on New York City http://t.co/soE3zq3s,Caution and advice,,BiscardiA
10/30/2012 14:40,Other,1,"FLOODING POSSIBLE
REMNANTS OF HURRICANE SANDY WILL LINGER
FLOODING POSSIBLE","N/A
n/a
n/A",PA,Informative (Indirect),...FLOODING POSSIBLE FROM REMNANTS OF HURRICANE SANDY... .THE REMNANTS OF HURRICANE SANDY WILL LINGER OVER CENTRAL PENN http://t.co/NDA9XSgt,...FLOODING POSSIBLE FROM REMNANTS OF HURRICANE SANDY... .THE REMNANTS OF HURRICANE SANDY WILL LINGER OVER CENTRAL PENN http://t.co/NDA9XSgt,Caution and advice,,Johnstown_WX
10/30/2012 19:56,Other,1,"Stranded because of #Sandy?
Stranded because of #Sandy? Here's what you need to know
Stranded because of #Sandy? Here's what you need to know","N/A
N/A
n/a",NYC,Informative (Indirect),RT @BudgetTravel: Stranded because of #Sandy? Here's what you need to know--#airline by airline http://t.co/REmduOnv #Frankenstorm,RT @dfwairport: RT @BudgetTravel: Stranded because of #Sandy? Here's what you need to know--#airline by airline http://t.co/REmduOnv #Frankenstorm,Caution and advice,,SKSMediaCanada
10/30/2012 20:24,A shelter is open or available,1,"List of NJ PA and DE shelters
List of NJ PA and DE shelters
List of NJ PA and DE shelters","N/A
N/A
n/a","NJ, PA, DE",Informative (Indirect),ALERT: List of NJ PA and DE shelters - including those that are pet friendly http://t.co/K3T7t91E #sandy #sandypets,RT @ASPCA: ALERT: List of NJ PA and DE shelters - including those that are pet friendly http://t.co/K3T7t91E #sandy #sandypets,Caution and advice,,SallyMos
10/31/2012 14:37,Other,1,"Bellevue Hospital
Hospital Set to Evacuate
Set to Evacuate","n/a
After Sandy
After Sandy",NYC,Informative (Indirect),Prayers!! RT @jacquereid: RT @ABC: New York's Bellevue Hospital Set to Evacuate After Sandy http://t.co/gZUyn3uQ,Prayers!! RT @jacquereid: RT @ABC: New York's Bellevue Hospital Set to Evacuate After Sandy http://t.co/gZUyn3uQ,Caution and advice,,Syreta
10/31/2012 14:40,Other,1,"airports reopen
airports reopen after two days of cancellations
Liberty airports reopen","after two days of cancellations
after two days of cancellations
two days",NYC,Informative (Indirect),New York's #JFK and #Newark Liberty airports reopen after two days of cancellations. La Guardia remains closed http://t.co/3yLWVeam #Sandy,RT @BBCWorld: New York's #JFK and #Newark Liberty airports reopen after two days of cancellations. La Guardia remains closed http://t.co/3yLWVeam #Sandy,Caution and advice,,MarcClimaco
10/31/2012 14:47,A hurricane sighting has been reported,0.7244,"crazy waves & wind
crazy waves & wind
crazy waves & wind","
n/a
n/A","New Buffalo
New Buffalo
New Buffalo",Informative (Direct),We've seen some crazy waves & wind here in New Buffalo from Hurricane Sandy. Lost a few cushions & some soffitt... http://t.co/v8SGOHpT,We've seen some crazy waves & wind here in New Buffalo from Hurricane Sandy. Lost a few cushions & some soffitt... http://t.co/v8SGOHpT,Caution and advice,,NewBuffaloInn
10/31/2012 19:49,Other,1,"Christie postpones Halloween celebrations
Christie postpones Halloween celebrations
Christie postpones Halloween celebrations","N/A
N/A
Halloween",NJ,Informative (Indirect),Christie postpones Halloween celebrations in New Jersey - USA TODAY: ABC NewsChristie postpones Halloween celebr... http://t.co/WEF3U3PL,Christie postpones Halloween celebrations in New Jersey - USA TODAY: ABC NewsChristie postpones Halloween celebr... http://t.co/WEF3U3PL,Caution and advice,,ShowCars1
10/31/2012 19:52,Other,1,"Mashable Media Summit Rescheduled
Mashable Media Summit Rescheduled Due to Hurricane Sandy
Mashable Media Summit Rescheduled","past few days
N/A
past few days",NYC,Informative (Indirect),Mashable Media Summit Rescheduled Due to Hurricane Sandy: We have all seen over the past few days that Hurrica... http://t.co/aPChWvbb,Mashable Media Summit Rescheduled Due to Hurricane Sandy: We have all seen over the past few days that Hurrica... http://t.co/aPChWvbb,Caution and advice,,abc_coza
10/31/2012 20:32,Other,0.6559,"Limited train service resuming
Limited train service resuming
Limited train service resuming","after superstorm Sandy
after superstorm Sandy
after superstorm Sandy","NYC
NYC
NYC",Informative (Indirect),Limited train service resuming in NYC after superstorm Sandy - CBS News: National GeographicLimited tra... http://t.co/t1j1hPKO #newyork,Limited train service resuming in NYC after superstorm Sandy - CBS News: National GeographicLimited tra... http://t.co/t1j1hPKO #newyork,Caution and advice,,NYNewYorkCity
11/1/2012 14:44,A hurricane sighting has been reported,1,"wind is seriously intense
wind is seriously intense
wind is seriously intense","right now
right now
right now","NYC
NYC
NYC",Informative (Direct),The wind is seriously intense right now!!! Time to get inside people. I love an adventure for a photo but let's be safe. #sandy #NYC,The wind is seriously intense right now!!! Time to get inside people. I love an adventure for a photo but let's be safe. #sandy #NYC,Caution and advice,,wyattgallery
11/2/2012 14:27,Other,1,"Mayor Michael Bloomberg to hold press conference
Mayor Michael Bloomberg to hold press conference on #Sandy
press conference","momentarily
momentarily
n/A","NYC
NYC
NYC",Informative (Indirect),NYC Mayor Michael Bloomberg to hold press conference on #Sandy momentarily. Watch Live: http://t.co/8fIXrOiY,RT @thedailybeast: NYC Mayor Michael Bloomberg to hold press conference on #Sandy momentarily. Watch Live: http://t.co/8fIXrOiY,Caution and advice,,asrulsidiq
11/2/2012 19:29,Other,1,"JFK Newark airports reopen
JFK Newark airports reopen on limited operational schedule
limited operational schedule","n/a
N/A
n/a","JFK Newark LaGuardia
NYC
JFK Newark airports",Informative (Indirect),JFK Newark airports reopen on limited operational schedule after #Sandy http://t.co/lzW7vRB2 &gt; LaGuardia still closed #NYC,JFK Newark airports reopen on limited operational schedule after #Sandy http://t.co/lzW7vRB2 &gt; LaGuardia still closed #NYC,Caution and advice,,Global_Montreal
11/2/2012 19:34,Other,1,"Hurricane app can help you recover from #Sandy
Hurricane app can help you recover
Hurricane app can help you recover from #Sandy","N/A

n/a",NYC,Informative (Indirect),#RedCross Hurricane app can help you recover from #Sandy. Go to the Prepare tab then hit  http://t.co/fYMpaDYc,RT @RedCross: #RedCross Hurricane app can help you recover from #Sandy. Go to the Prepare tab then hit ÃƒÆ’Ã†â€™Ãƒâ€šÃ‚Â¤ÃƒÆ’Ã†â€™Ãƒâ€šÃ‚Â³ÃƒÆ’Ã†â€™Ãƒâ€šÃ‚Â¬AfterÃƒÆ’Ã†â€™Ãƒâ€šÃ‚Â¤ÃƒÆ’Ã†â€™Ãƒâ€šÃ‚Â³ÃƒÆ’Ã¢â‚¬Å¡Ãƒâ€šÃ‚Â. http://t.co/fYMpaDYc,Caution and advice,,PiedmontHousing
11/2/2012 19:49,Other,1,"plan to resume some NYC flights
plan to resume some NYC flights
plan to resume some NYC flights","Tuesday
Tuesday
on Tuesday","NYC
NYC
NYC",Informative (Indirect),Delta has what seems like a very optimistic plan to resume some NYC flights on Tuesday: http://t.co/A2mjbStn,Delta has what seems like a very optimistic plan to resume some NYC flights on Tuesday: http://t.co/A2mjbStn,Caution and advice,,NYCAviation
11/2/2012 20:18,Other,1,"Mayor Bloomberg Updates NYC
Mayor Bloomberg Updates NYC
Updates NYC On #Sandy","LIVESTREAM NOW
NOW
NOW","NYC
NYC
NYC",Informative (Indirect),Mayor Bloomberg Updates NYC On #Sandy http://t.co/45AjuROW LIVESTREAM NOW,Mayor Bloomberg Updates NYC On #Sandy http://t.co/45AjuROW LIVESTREAM NOW,Caution and advice,,DNDailyPolitics
11/2/2012 21:09,Other,1,"Mayor Michael Bloomberg updates residents on Hurricane
Mayor Michael Bloomberg updates residents on Hurricane
Hurricane #Sandy
Mayor Michael Bloomberg updates residents on Hurricane","N/A
N/A
N/A
LIVE",NYC,Informative (Indirect),LIVE VIDEO: NYC Mayor Michael Bloomberg updates residents on Hurricane #Sandy http://t.co/XtzsBslf,RT @NBCNews: LIVE VIDEO: NYC Mayor Michael Bloomberg updates residents on Hurricane #Sandy http://t.co/XtzsBslf,Caution and advice,,Cubfnatic
11/3/2012 19:56,Other,1,"prevent mold
Start cleaning up quickly after hurricane flooding
cleaning up quickly after hurricane flooding","after hurricane flooding
N/A
quickly",NYC,Informative (Indirect),Start cleaning up quickly after hurricane flooding to prevent mold. http://t.co/WGgfSimu,Start cleaning up quickly after hurricane flooding to prevent mold. http://t.co/WGgfSimu,Caution and advice,,CalorieLab
11/3/2012 20:40,Other,0.6355,"Sandy Schedule Update
Storm Sandy Schedule Update
Storm Sandy Schedule Update","N/A
N/A
aftermath of this sto...",NYC,Informative (Indirect),Updated Website! Storm Sandy Schedule Update - We've been praying that you are all safe in the aftermath of this sto... http://t.co/21Kq3Dkx,Updated Website! Storm Sandy Schedule Update - We've been praying that you are all safe in the aftermath of this storm http://t.co/21Kq3Dkx,Caution and advice,,DixHillsChurch
11/4/2012 20:14,Other,1,"outage clusters
Biggest outage clusters get repaired first
outage clusters get repaired first.","n/a
N/A
n/a","NYC
NYC
Westchester #NYC",Informative (Indirect),Biggest outage clusters get repaired first. Smaller clusters to follow. #Westchester #NYC #Sandy #ConEdison,RT @ConEdison: Biggest outage clusters get repaired first. Smaller clusters to follow. #Westchester #NYC #Sandy #ConEdison,Caution and advice,,KelleyChubb
11/5/2012 20:14,Other,1,"U.S. stock markets reopen
stock markets to reopen Wednesday
U.S. stock markets to reopen","Wednesday
Wednesday
Wednesday",NYC,Informative (Indirect),WireUpdate U.S. stock markets to reopen Wednesday after Sandy kills 43: NEW YORK CITY (BNO NEWS) -- Major stock ... http://t.co/1QJ8VCRv,WireUpdate U.S. stock markets to reopen Wednesday after Sandy kills 43: NEW YORK CITY (BNO NEWS) -- Major stock ... http://t.co/1QJ8VCRv,Caution and advice,,bnogr
